fold,rmse
1,17.157106233881883
2,14.63527538239317
3,13.586904677633692
4,16.005327211476523
5,14.510707266944419
